Filename, Energy, Contrast, Homogenity, IDM, Entropy, Mean1, Cluster Shade, Cluster Prominence, Shapes Detected, Circle, Triangle, Rectangle, Irregular Small, Irregular Large, Circle Area, Triangle Area, Rectangle Area, Irreg. S. Area, Irreg. L Area
20180707-IMG_1461__0,0.604991,475.948547,0.963298,0.024974,0.377461,55.284637,16210541.000000,6903156736.000000,64,2,0,1,55,6,0.000000,inf,1081.000000,1587.918213,44211.582031
20180707-IMG_1461__1,0.958021,91.302719,0.994271,0.004222,0.063146,4.014411,1954752.875000,980605120.000000,20,1,0,1,17,1,0.000000,inf,4272.500000,1574.088257,28433.000000
20180707-IMG_1461__2,0.504669,654.494263,0.947399,0.036025,0.470795,76.745155,18290304.000000,7385731072.000000,74,5,0,1,61,7,0.000000,inf,8985.500000,1389.295044,15946.286133
20180707-IMG_1461__3,0.664896,411.464325,0.964565,0.024592,0.341594,42.774982,14616867.000000,6525106688.000000,60,3,0,0,53,4,0.000000,-nan(ind),inf,1629.396240,52845.625000
20180707-IMG_1462__0,0.536324,402.645386,0.968943,0.021625,0.396170,75.713547,16337216.000000,6337099264.000000,67,9,0,1,51,6,0.000000,inf,18481.000000,2011.803955,15769.250000
20180707-IMG_1462__1,0.666534,441.295654,0.963876,0.024573,0.342205,42.334488,14637581.000000,6558982656.000000,79,2,1,1,71,4,217215.500000,9556.000000,1975.500000,1528.387329,25544.125000
20180707-IMG_1462__2,0.315858,1780.664429,0.854290,0.097470,0.774315,132.009979,22401012.000000,8888300544.000000,187,1,0,0,183,3,0.000000,-nan(ind),inf,752.833313,18222.166016
20180707-IMG_1462__3,0.347238,1879.267578,0.855725,0.095297,0.754078,159.001190,19594136.000000,7752795648.000000,167,0,2,0,163,2,inf,0.000000,-nan(ind),749.024536,14843.000000
20180707-IMG_1464__0,0.547059,567.613220,0.948280,0.035387,0.447078,64.396393,17991616.000000,7589201920.000000,118,11,0,1,100,6,0.000000,inf,26981.500000,1614.354980,25925.916016
20180707-IMG_1464__1,0.907115,161.910889,0.987433,0.008853,0.124712,9.522670,4503298.500000,2233856256.000000,55,7,0,0,46,2,0.000000,-nan(ind),inf,2490.043457,15562.250000
20180707-IMG_1464__2,0.532224,610.754150,0.947791,0.035587,0.455931,68.652145,18240448.000000,7588352000.000000,79,10,1,0,65,3,38061.601563,0.000000,inf,1530.030762,17299.500000
20180707-IMG_1464__3,0.862566,238.039291,0.980559,0.013467,0.175622,14.250566,6488744.000000,3178553088.000000,89,8,0,0,80,1,0.000000,-nan(ind),inf,1825.250000,46045.000000
20180707-IMG_1465__0,0.860188,292.256256,0.978489,0.014695,0.182133,14.458095,6640070.500000,3264372736.000000,57,8,1,1,37,10,816.750000,8083.000000,23835.500000,2585.608154,16630.900391
20180707-IMG_1465__1,0.447928,508.570984,0.954928,0.030585,0.478464,108.957932,15689414.000000,5609305088.000000,92,4,0,1,76,11,0.000000,inf,17878.000000,975.802612,27722.544922
20180707-IMG_1465__2,0.792102,386.299438,0.970598,0.020104,0.248893,23.011820,9904068.000000,4763824640.000000,69,7,0,0,53,9,0.000000,-nan(ind),inf,2592.952881,33755.222656
20180707-IMG_1465__3,0.746902,313.103424,0.974402,0.017385,0.268445,31.298595,12169770.000000,5656820736.000000,53,10,0,0,32,11,0.000000,-nan(ind),inf,1904.656250,27855.591797
20180707-IMG_1466__0,0.813520,217.973175,0.982700,0.012127,0.204564,22.348448,9354069.000000,4450348032.000000,58,12,0,0,41,5,0.000000,-nan(ind),inf,3293.158447,17553.599609
20180707-IMG_1466__1,0.419270,839.288940,0.921444,0.053802,0.578214,97.696442,19809708.000000,7801799680.000000,187,2,0,1,166,18,0.000000,inf,1566.000000,889.801208,18869.972656
20180707-IMG_1466__2,0.878289,224.204178,0.981733,0.012927,0.161094,12.444304,5785242.000000,2854283776.000000,105,21,0,0,83,1,0.000000,-nan(ind),inf,2016.771118,27927.500000
20180707-IMG_1466__3,0.415383,663.309082,0.938559,0.041948,0.537558,128.112717,15219263.000000,5419303936.000000,167,6,0,2,150,9,0.000000,inf,3484.500000,967.376648,17734.111328
20180707-IMG_1467__0,0.734873,643.686768,0.951862,0.032253,0.328480,28.436501,12108651.000000,5813826560.000000,97,12,0,0,76,9,0.000000,-nan(ind),inf,2557.526367,21147.166016
20180707-IMG_1467__1,0.579636,547.684937,0.952347,0.032539,0.419272,57.526806,17190474.000000,7382799360.000000,137,10,0,0,109,18,0.000000,-nan(ind),inf,2076.816406,25687.138672
20180707-IMG_1467__2,0.556040,596.815735,0.948993,0.034607,0.440499,63.093998,18172358.000000,7737040384.000000,151,12,0,1,129,9,0.000000,inf,44104.000000,2007.375977,28680.222656
20180707-IMG_1467__3,0.642400,539.326965,0.954209,0.031439,0.380123,44.998226,15682367.000000,7059452928.000000,161,27,0,0,124,10,0.000000,-nan(ind),inf,2436.044434,23008.099609
20180707-IMG_1468__0,0.422558,774.323608,0.930708,0.047533,0.553581,151.269760,12859206.000000,4562655744.000000,150,0,1,0,146,3,inf,0.000000,-nan(ind),559.065063,14244.166992
20180707-IMG_1468__1,0.518783,924.098938,0.916547,0.056705,0.535456,194.604294,10615886.000000,4379575296.000000,203,4,1,0,191,7,33088.625000,0.000000,inf,798.010498,56967.070313
20180707-IMG_1468__2,0.795674,249.880478,0.978722,0.014615,0.226793,24.196911,10049080.000000,4770466304.000000,81,14,0,0,63,4,0.000000,-nan(ind),inf,2117.888916,24308.625000
20180707-IMG_1468__3,0.843185,275.578491,0.978081,0.015145,0.195735,16.745682,7489374.000000,3647065856.000000,88,12,0,1,67,8,0.000000,inf,40184.500000,1950.925415,16165.562500
20180707-IMG_1469__0,0.626039,418.585541,0.965549,0.023430,0.360080,51.415890,15862391.000000,6858611712.000000,88,5,0,0,74,9,0.000000,-nan(ind),inf,2389.155518,21903.277344
20180707-IMG_1469__1,0.647760,564.480286,0.951730,0.033228,0.382480,42.075680,15047072.000000,6823433216.000000,152,10,0,0,126,16,0.000000,-nan(ind),inf,2129.376953,24215.656250
20180707-IMG_1469__2,0.643896,611.797791,0.946569,0.036610,0.396906,41.636009,15203566.000000,6946089472.000000,154,15,0,0,121,18,0.000000,-nan(ind),inf,1983.628052,24096.695313
20180707-IMG_1469__3,0.680961,384.694977,0.967099,0.022691,0.326044,40.847328,14334133.000000,6452859392.000000,111,21,0,0,78,12,0.000000,-nan(ind),inf,2830.775635,16857.875000
20180707-IMG_1471__0,0.929374,113.431328,0.991744,0.005959,0.095528,7.402748,3536795.250000,1759693952.000000,35,7,0,1,25,2,0.000000,inf,22111.000000,2804.739990,17214.750000
20180707-IMG_1471__1,0.822344,171.464813,0.988224,0.008295,0.182752,22.160589,9096556.000000,4296663040.000000,27,3,0,0,20,4,0.000000,-nan(ind),inf,3180.074951,12747.875000
20180707-IMG_1471__2,0.887028,157.340286,0.988273,0.008169,0.138327,12.605309,5796771.500000,2845805312.000000,37,3,0,0,27,7,0.000000,-nan(ind),inf,1915.685181,27178.000000
20180707-IMG_1471__3,0.916569,113.130219,0.992954,0.005033,0.102691,9.442034,4423114.500000,2184412672.000000,15,0,0,0,13,2,-nan(ind),-nan(ind),-nan(ind),3583.576904,11847.000000
20180707-IMG_1472__0,0.925241,197.362320,0.983813,0.011419,0.115570,5.605410,2682796.250000,1342557568.000000,71,3,0,0,67,1,0.000000,-nan(ind),inf,1449.798462,17386.500000
20180707-IMG_1472__1,0.505555,200.986511,0.984241,0.011099,0.362126,158.533020,6748969.500000,1883666688.000000,46,0,0,0,45,1,-nan(ind),-nan(ind),-nan(ind),661.122192,10810.000000
20180707-IMG_1472__2,0.982191,62.003998,0.996682,0.002557,0.031710,1.389963,672796.625000,338748864.000000,19,0,0,1,18,0,-nan(ind),inf,0.000000,1189.250000,-nan(ind)
20180707-IMG_1472__3,0.515691,134.111191,0.991108,0.006297,0.333324,157.834534,5426541.500000,1272633728.000000,15,5,0,1,9,0,0.000000,inf,21049.000000,2388.944336,-nan(ind)
20180707-IMG_1473__0,0.634250,469.676331,0.959741,0.027746,0.370810,47.800316,15665796.000000,6909425664.000000,113,18,0,0,81,14,0.000000,-nan(ind),inf,2290.950684,21161.322266
20180707-IMG_1473__1,0.872500,218.453598,0.982251,0.012524,0.164109,13.255376,6098453.000000,2997393920.000000,111,28,0,1,79,3,0.000000,inf,65141.500000,1813.057007,17602.500000
20180707-IMG_1473__2,0.881485,206.911514,0.984241,0.011087,0.152486,12.541978,5823335.000000,2870718208.000000,76,14,0,0,59,3,0.000000,-nan(ind),inf,2226.771240,14383.666992
20180707-IMG_1473__3,0.978058,62.178265,0.994014,0.004143,0.041413,253.712601,739399.312500,371405120.000000,32,0,0,0,32,0,-nan(ind),-nan(ind),-nan(ind),768.656250,-nan(ind)
20180707-IMG_1475__0,0.708940,224.910568,0.983642,0.011400,0.263762,40.185715,13396711.000000,5913232896.000000,44,8,0,1,33,2,0.000000,inf,16325.500000,2711.454590,44278.500000
20180707-IMG_1475__1,0.562288,298.350952,0.974431,0.017320,0.367920,70.586052,16068563.000000,6322349568.000000,58,11,0,0,37,10,0.000000,-nan(ind),inf,1694.175659,17075.849609
20180707-IMG_1475__2,0.558709,251.063278,0.981133,0.013145,0.348112,74.443207,15385165.000000,5850707456.000000,60,9,0,1,46,4,0.000000,inf,27833.500000,2256.173828,12345.625000
20180707-IMG_1475__3,0.603426,273.997467,0.977066,0.015599,0.339412,60.902599,15958208.000000,6545657856.000000,40,11,0,2,22,5,0.000000,inf,21169.250000,3688.750000,33985.500000
20180707-IMG_1476__0,0.913784,110.110374,0.993190,0.004924,0.104218,9.872639,4627320.500000,2285230592.000000,21,2,0,1,16,2,0.000000,inf,5693.000000,3145.562500,50384.000000
20180707-IMG_1476__1,0.695607,195.671265,0.983946,0.011070,0.270578,42.944592,13803270.000000,6022563840.000000,39,6,0,1,28,4,0.000000,inf,21730.500000,2917.178467,26594.250000
20180707-IMG_1476__2,0.773339,203.775040,0.985964,0.009845,0.219878,29.626930,11210744.000000,5156424192.000000,34,5,0,0,24,5,0.000000,-nan(ind),inf,2219.541748,29961.400391
20180707-IMG_1476__3,0.894736,132.910004,0.990460,0.006787,0.126613,11.983212,5509844.500000,2703870720.000000,41,8,0,1,31,1,0.000000,inf,22532.000000,2422.403320,78697.500000
20180707-IMG_1478__0,0.636552,452.658325,0.962710,0.025563,0.361839,48.471130,15646718.000000,6866345984.000000,94,9,0,0,71,14,0.000000,-nan(ind),inf,1589.577515,23130.750000
20180707-IMG_1478__1,0.746847,268.990570,0.980379,0.013568,0.251733,32.644749,12122901.000000,5546456576.000000,46,4,0,0,35,7,0.000000,-nan(ind),inf,3008.442871,33622.855469
20180707-IMG_1478__2,0.689511,355.695801,0.971998,0.018996,0.308015,41.109047,14211425.000000,6364896768.000000,103,11,1,1,80,10,474.636353,5738.000000,40831.000000,2405.793701,14977.150391
20180707-IMG_1478__3,0.738349,318.517334,0.973604,0.018182,0.275238,32.193188,12336376.000000,5706550784.000000,91,17,0,0,64,10,0.000000,-nan(ind),inf,2302.890625,20692.750000
20180707-IMG_1480__0,0.884442,173.563126,0.987171,0.009042,0.142938,12.683697,5827877.000000,2861071360.000000,58,8,0,1,44,5,0.000000,inf,24956.500000,2749.386475,20148.400391
20180707-IMG_1480__1,0.907325,104.733772,0.993085,0.005050,0.109603,10.707889,4970771.000000,2446254592.000000,24,4,0,0,16,4,0.000000,-nan(ind),inf,3137.906250,11067.750000
20180707-IMG_1480__2,0.862196,159.128265,0.988152,0.008307,0.156665,16.244270,7165054.500000,3467290112.000000,36,3,0,1,26,6,0.000000,inf,7010.000000,2364.019287,26339.166016
20180707-IMG_1480__3,0.874410,154.299713,0.988476,0.008216,0.147077,14.434557,6500979.000000,3168244992.000000,37,4,0,1,24,8,0.000000,inf,17138.000000,3164.375000,15786.812500
20180707-IMG_1481__0,0.939184,72.319122,0.994807,0.003581,0.079348,6.750040,3272121.750000,1634168704.000000,24,0,0,1,23,0,-nan(ind),inf,0.000000,530.434753,-nan(ind)
20180707-IMG_1481__1,0.992283,43.443192,0.998199,0.001568,0.015096,0.343576,144380.843750,70759352.000000,3,0,0,0,3,0,-nan(ind),-nan(ind),-nan(ind),270.666656,-nan(ind)
20180707-IMG_1481__2,0.978703,80.403297,0.994768,0.003903,0.039377,1.298420,609262.000000,304985632.000000,29,0,0,1,28,0,-nan(ind),inf,0.000000,794.535706,-nan(ind)
20180707-IMG_1481__3,0.991744,47.773930,0.997852,0.001779,0.016447,0.337776,137707.609375,67028484.000000,8,0,0,0,8,0,-nan(ind),-nan(ind),-nan(ind),421.375000,-nan(ind)
20180707-IMG_1482__0,0.841910,252.224350,0.981568,0.012571,0.188050,17.591019,7751155.000000,3753756160.000000,50,0,0,1,47,2,-nan(ind),inf,0.000000,1241.787231,38200.000000
20180707-IMG_1482__1,0.927489,180.684860,0.987362,0.008779,0.107349,6.800615,3272191.500000,1636316032.000000,33,1,0,0,27,5,0.000000,-nan(ind),inf,1418.129639,22456.400391
20180707-IMG_1482__2,0.985026,56.983887,0.996994,0.002383,0.027508,1.064694,507797.062500,254994992.000000,18,3,0,1,14,0,0.000000,inf,2705.000000,1021.321411,-nan(ind)
20180707-IMG_1482__3,0.528097,488.606934,0.959111,0.027312,0.427988,181.459167,7258560.500000,2591007488.000000,150,0,0,0,146,4,-nan(ind),-nan(ind),-nan(ind),909.729431,37059.000000
20180707-IMG_1484__0,0.438215,1059.153809,0.914699,0.057151,0.582505,83.789680,19958212.000000,8126104576.000000,168,2,1,1,154,10,1241.500000,2101.000000,1264.500000,1174.409058,27741.599609
20180707-IMG_1484__1,0.930183,95.805298,0.993786,0.004457,0.089500,7.727698,3697581.750000,1839297536.000000,17,2,0,0,11,4,0.000000,-nan(ind),inf,2275.045410,15220.875000
20180707-IMG_1484__2,0.825097,180.997131,0.988048,0.008404,0.181576,21.742632,9031103.000000,4282897408.000000,29,4,0,3,19,3,0.000000,inf,5958.833496,1747.157837,36044.167969
20180707-IMG_1484__3,0.860084,151.175323,0.988201,0.008093,0.157985,16.365234,7205301.500000,3484172544.000000,51,5,0,0,44,2,0.000000,-nan(ind),inf,1323.545410,14729.500000
20180707-IMG_1500__0,0.632875,100.663818,0.992163,0.005316,0.274624,195.853745,1995974.500000,472703872.000000,23,2,0,0,18,3,0.000000,-nan(ind),inf,1576.000000,28867.500000
20180707-IMG_1500__1,0.564275,200.211975,0.983290,0.011421,0.339247,73.609955,15361984.000000,5850618368.000000,64,8,0,0,52,4,0.000000,-nan(ind),inf,1658.875000,31969.500000
20180707-IMG_1500__2,0.831780,53.026882,0.995523,0.003099,0.153211,232.366257,484591.000000,196505728.000000,8,1,0,0,7,0,0.000000,-nan(ind),inf,2815.071533,-nan(ind)
20180707-IMG_1500__3,0.482348,214.865036,0.983413,0.011125,0.375774,141.330917,8319456.000000,2307457792.000000,30,3,0,0,23,4,0.000000,-nan(ind),inf,1665.456543,16829.125000
20180707-IMG_1502__0,0.530389,154.275879,0.988935,0.007474,0.334683,166.224823,4799851.000000,1162634240.000000,9,0,1,0,7,1,inf,0.000000,-nan(ind),720.857117,33436.500000
20180707-IMG_1502__1,0.971090,78.804390,0.995452,0.003444,0.046979,2.568105,1259751.125000,634836160.000000,23,1,0,0,21,1,0.000000,-nan(ind),inf,1169.428589,13324.000000
20180707-IMG_1502__2,0.518742,162.710175,0.988914,0.007742,0.340257,93.660797,13534379.000000,4578098688.000000,16,0,0,1,14,1,-nan(ind),inf,0.000000,1066.892822,31094.500000
20180707-IMG_1502__3,0.990093,45.304695,0.998089,0.001640,0.018588,0.652965,303701.156250,151824640.000000,7,1,0,0,6,0,0.000000,-nan(ind),inf,1531.166626,-nan(ind)
20180707-IMG_1503__0,0.535513,111.131149,0.992127,0.005255,0.321118,88.472633,13865392.000000,4798018048.000000,16,0,0,0,15,1,-nan(ind),-nan(ind),-nan(ind),1112.400024,27521.000000
20180707-IMG_1503__1,0.956451,59.317184,0.996354,0.002720,0.059466,4.685079,2287097.000000,1145461632.000000,22,0,0,1,21,0,-nan(ind),inf,0.000000,542.904785,-nan(ind)
20180707-IMG_1503__2,0.486650,130.552292,0.989547,0.007042,0.352632,120.010452,10453032.000000,3074107648.000000,34,0,0,0,30,4,-nan(ind),-nan(ind),-nan(ind),663.500000,22447.500000
20180707-IMG_1503__3,0.781694,253.288971,0.978583,0.014570,0.235875,25.995661,10499348.000000,4937711104.000000,106,2,0,0,102,2,0.000000,-nan(ind),inf,927.460754,19657.000000
20180707-IMG_1504__0,0.477174,236.090195,0.982747,0.011726,0.380437,119.559738,11138164.000000,3382004992.000000,38,0,0,1,34,3,-nan(ind),inf,0.000000,1796.588257,23630.666016
20180707-IMG_1504__1,0.486486,130.126526,0.990589,0.006417,0.348497,128.859222,9125469.000000,2518376448.000000,12,0,0,0,10,2,-nan(ind),-nan(ind),-nan(ind),1308.900024,15109.500000
20180707-IMG_1504__2,0.674651,183.470505,0.987073,0.008910,0.271412,47.924507,14259801.000000,6061152768.000000,28,1,0,0,26,1,0.000000,-nan(ind),inf,1590.288452,47801.500000
20180707-IMG_1504__3,0.503113,178.629410,0.985555,0.009753,0.359578,100.197334,13768008.000000,4659814912.000000,37,0,0,0,35,2,-nan(ind),-nan(ind),-nan(ind),1693.042847,10716.500000
20180707-IMG_1505__0,0.431451,601.861389,0.949505,0.034096,0.501266,120.031281,14529065.000000,5048843776.000000,146,8,0,0,134,4,0.000000,-nan(ind),inf,1140.167969,10861.125000
20180707-IMG_1505__1,0.759763,643.732178,0.952623,0.032072,0.308979,23.365297,10221122.000000,4954247168.000000,152,13,1,0,134,4,166.884613,0.000000,inf,1580.298462,69309.375000
20180707-IMG_1505__2,0.737512,228.283981,0.981616,0.012462,0.254095,34.512516,12484689.000000,5661399040.000000,126,16,0,0,109,1,0.000000,-nan(ind),inf,1015.614685,18597.500000
20180707-IMG_1505__3,0.729653,439.176361,0.968011,0.021730,0.294265,32.283375,12401122.000000,5746593280.000000,184,20,0,0,161,3,0.000000,-nan(ind),inf,1255.313721,19921.333984
20180707-IMG_1506__0,0.952190,41.822514,0.996039,0.002713,0.064102,249.553223,366313.218750,182005760.000000,2,0,0,1,1,0,-nan(ind),inf,0.000000,2865.000000,-nan(ind)
20180707-IMG_1506__1,0.453319,617.120239,0.951257,0.032859,0.485352,100.637909,16252064.000000,5924875264.000000,132,0,1,1,124,6,inf,156902.000000,0.000000,920.580627,18329.250000
20180707-IMG_1506__2,0.871784,208.736359,0.982246,0.012005,0.164864,241.353836,1685730.000000,822059456.000000,22,0,1,0,21,0,inf,0.000000,-nan(ind),1677.476196,-nan(ind)
20180707-IMG_1506__3,0.874714,177.312332,0.987983,0.008408,0.147932,14.260964,6406908.000000,3120954880.000000,36,2,0,2,28,4,0.000000,inf,1553.500000,1158.482178,29159.500000
20180707-IMG_1507__0,0.482473,791.259644,0.932272,0.046507,0.519685,77.163773,19432590.000000,8006068736.000000,160,4,1,1,146,8,1934.375000,110125.500000,6129.000000,1245.938354,24177.062500
20180707-IMG_1507__1,0.750602,364.821442,0.972203,0.019078,0.271660,30.031441,11818555.000000,5517496320.000000,62,5,0,0,50,7,0.000000,-nan(ind),inf,1483.680054,31435.857422
20180707-IMG_1507__2,0.728438,366.465942,0.968841,0.021644,0.293509,32.468517,12488828.000000,5787431936.000000,99,5,0,2,86,6,0.000000,inf,4265.250000,1380.819824,22680.333984
20180707-IMG_1507__3,0.879020,171.666565,0.987976,0.008522,0.144856,13.580342,6167593.500000,3015365888.000000,46,5,0,1,37,3,0.000000,inf,10475.000000,1388.702759,18881.500000
20180707-IMG_1508__0,0.881697,284.500183,0.979975,0.013695,0.161777,11.481339,5340827.000000,2639576576.000000,52,3,0,1,42,6,0.000000,inf,12799.000000,2162.166748,18415.666016
20180707-IMG_1508__1,0.453601,468.776520,0.960092,0.027107,0.461269,109.764214,14838786.000000,5176036352.000000,136,5,0,1,123,7,0.000000,inf,6805.000000,1298.955322,22620.714844
20180707-IMG_1508__2,0.634622,491.638824,0.959888,0.027274,0.370635,48.409294,15957016.000000,7054938112.000000,84,2,2,0,72,8,6706.000000,0.000000,inf,1569.847168,27253.937500
20180707-IMG_1508__3,0.842677,281.820068,0.979727,0.013996,0.191870,17.100227,7616490.000000,3703509248.000000,64,1,0,4,51,8,0.000000,inf,649.875000,1748.284302,31553.812500
20180707-IMG_1509__0,0.425813,604.933716,0.946335,0.036616,0.512241,124.686844,14600362.000000,5085964288.000000,109,1,1,1,97,9,130614.500000,115352.500000,1508.500000,1011.690735,23360.388672
20180707-IMG_1509__1,0.539760,572.898926,0.953924,0.031352,0.435962,68.764404,17758276.000000,7309564416.000000,79,3,0,1,72,3,0.000000,inf,2503.500000,1313.541626,33303.000000
20180707-IMG_1509__2,0.583057,642.384033,0.942566,0.039269,0.441907,53.540848,17307534.000000,7625146368.000000,134,3,0,2,122,7,0.000000,inf,952.250000,1251.663940,44215.000000
20180707-IMG_1509__3,0.457161,962.166931,0.915902,0.057220,0.570674,77.940514,20324638.000000,8484714496.000000,171,0,1,0,162,8,inf,0.000000,-nan(ind),901.219116,20454.562500
20180707-IMG_1510__0,0.718986,453.416595,0.963396,0.024924,0.312799,32.985062,12894173.000000,6010631680.000000,119,13,0,1,97,8,0.000000,inf,28797.000000,2567.489746,23238.125000
20180707-IMG_1510__1,0.499531,452.524506,0.963079,0.025063,0.430681,86.092415,16495945.000000,6216742400.000000,88,3,0,0,80,5,0.000000,-nan(ind),inf,1586.018799,29562.400391
20180707-IMG_1510__2,0.526646,517.708496,0.957430,0.028818,0.433061,74.017227,17451076.000000,6989726720.000000,77,8,0,0,49,20,0.000000,-nan(ind),inf,2348.571533,28710.150391
20180707-IMG_1510__3,0.421581,698.313171,0.941277,0.039907,0.526663,118.050041,15603178.000000,5547294720.000000,123,5,0,1,102,15,0.000000,inf,17591.000000,1491.514648,28021.466797
20180707-IMG_1511__0,0.517529,799.641113,0.931146,0.046490,0.504032,66.692642,19444122.000000,8339058688.000000,177,9,0,0,156,12,0.000000,-nan(ind),inf,1320.791626,19280.791016
20180707-IMG_1511__1,0.595218,639.146362,0.945029,0.037756,0.428696,51.902206,17154732.000000,7605979648.000000,152,8,0,1,134,9,0.000000,inf,25421.500000,1746.772339,39366.722656
20180707-IMG_1511__2,0.507845,749.394958,0.935741,0.043896,0.497685,70.278908,18908446.000000,7912444928.000000,147,6,0,2,126,13,0.000000,inf,9708.500000,1258.845215,24096.308594
20180707-IMG_1511__3,0.623587,595.468506,0.948044,0.035584,0.405545,46.425964,16015764.000000,7189967360.000000,172,11,0,0,152,9,0.000000,-nan(ind),inf,1688.233521,28210.222656
20180707-IMG_1513__0,0.361258,1517.365967,0.866516,0.089808,0.726628,93.761795,24682992.000000,10477015040.000000,156,0,0,1,153,2,-nan(ind),inf,0.000000,1054.173218,26036.250000
20180707-IMG_1513__1,0.465479,782.954224,0.932926,0.045341,0.526551,83.656113,19176282.000000,7716068352.000000,158,4,1,2,145,6,27015.000000,166517.500000,4347.750000,876.117249,51488.750000
20180707-IMG_1513__2,0.438732,1025.554688,0.906315,0.064090,0.602129,81.454903,21947878.000000,9290594304.000000,162,4,0,0,149,9,0.000000,-nan(ind),inf,1492.983276,33166.722656
20180707-IMG_1513__3,0.467893,771.490051,0.929760,0.048430,0.533139,81.226570,19819412.000000,8112603136.000000,147,5,0,0,133,9,0.000000,-nan(ind),inf,1765.842163,24646.388672
20180707-IMG_1514__0,0.505168,534.683716,0.958375,0.028214,0.440818,81.620415,17085358.000000,6617527808.000000,93,11,0,2,75,5,0.000000,inf,14560.750000,1310.146606,31448.000000
20180707-IMG_1514__1,0.440967,514.183105,0.957560,0.028605,0.473969,125.521675,12960381.000000,4319297024.000000,83,1,0,2,71,9,0.000000,inf,1349.750000,1364.126709,28436.111328
20180707-IMG_1514__2,0.517192,515.711121,0.957273,0.029256,0.438220,76.941956,17406490.000000,6894490624.000000,112,14,1,0,87,10,162.821426,0.000000,inf,2019.304565,21765.150391
20180707-IMG_1514__3,0.468338,513.700195,0.961341,0.025758,0.449939,100.479019,15610050.000000,5596407808.000000,72,2,0,1,63,6,0.000000,inf,1075.000000,1524.245972,40688.000000
20180707-IMG_1517__0,0.536591,658.598083,0.945212,0.037327,0.459551,66.062958,18223854.000000,7660089344.000000,135,8,0,0,113,14,0.000000,-nan(ind),inf,1844.836304,28872.785156
20180707-IMG_1517__1,0.483516,742.812439,0.939058,0.041592,0.502060,79.540222,18601976.000000,7488495104.000000,151,8,0,1,128,14,0.000000,inf,20777.500000,1864.835938,36156.605469
20180707-IMG_1517__2,0.495524,634.855957,0.947462,0.035972,0.474675,79.961372,18292250.000000,7307788800.000000,96,8,0,0,76,12,0.000000,-nan(ind),inf,2258.743408,29782.750000
20180707-IMG_1517__3,0.388595,959.546143,0.914681,0.058458,0.608779,138.013260,16025697.000000,5868827648.000000,87,5,0,1,75,6,0.000000,inf,13482.500000,2188.719971,34732.917969
20180707-IMG_1518__0,0.948048,153.655914,0.989783,0.007065,0.082497,4.353630,2102189.250000,1054937664.000000,71,4,0,1,66,0,0.000000,inf,3499.000000,1063.992432,-nan(ind)
20180707-IMG_1518__1,0.499120,827.044861,0.942911,0.038637,0.483133,177.727463,8317715.500000,2978469376.000000,79,0,2,0,70,7,inf,0.000000,-nan(ind),1616.250000,30584.857422
20180707-IMG_1518__2,0.430469,852.544128,0.937203,0.042345,0.531956,104.187561,17705234.000000,6632786432.000000,157,7,0,0,137,13,0.000000,-nan(ind),inf,1950.390503,24802.000000
20180707-IMG_1518__3,0.753421,371.536255,0.974078,0.017803,0.264328,29.825575,11661824.000000,5431198720.000000,96,4,0,2,85,5,0.000000,inf,2444.250000,1458.029419,24768.400391
20180707-IMG_1519__0,0.485121,365.455322,0.972753,0.018729,0.409097,99.583809,14659970.000000,5119028736.000000,73,6,0,0,57,10,0.000000,-nan(ind),inf,2362.561523,24243.650391
20180707-IMG_1519__1,0.655329,406.611145,0.968413,0.021787,0.336567,46.422073,15261493.000000,6729319936.000000,87,8,0,0,63,16,0.000000,-nan(ind),inf,2305.468262,20297.718750
20180707-IMG_1519__2,0.523459,378.514893,0.970881,0.019980,0.396567,81.403435,16073934.000000,6082311168.000000,65,12,0,0,42,11,0.000000,-nan(ind),inf,2189.845215,24952.044922
20180707-IMG_1519__3,0.457565,652.108276,0.948853,0.035029,0.489141,96.760124,17205362.000000,6451764736.000000,96,4,0,1,80,11,0.000000,inf,12753.000000,1860.012451,30875.500000
20180707-IMG_1520__0,0.999433,1.307526,0.999819,0.000136,0.001479,254.991333,31874.238281,16101162.000000,1,0,0,0,1,0,-nan(ind),-nan(ind),-nan(ind),244.500000,-nan(ind)
20180707-IMG_1520__1,0.537585,217.351501,0.985256,0.010230,0.344194,83.576660,14521508.000000,5218982912.000000,24,3,0,1,18,2,0.000000,inf,9646.000000,3320.694336,12372.500000
20180707-IMG_1520__2,0.875039,167.829224,0.987817,0.008528,0.148169,14.245147,6412931.000000,3125677056.000000,55,7,0,0,47,1,0.000000,-nan(ind),inf,2228.521240,55221.000000
20180707-IMG_1520__3,0.548829,243.506210,0.983007,0.011910,0.346433,78.410721,15100538.000000,5608798208.000000,44,4,0,1,33,6,0.000000,inf,8115.500000,2534.848389,30873.250000
20180707-IMG_1521__0,0.628693,476.058502,0.963758,0.024706,0.363151,50.516781,15848917.000000,6892234752.000000,122,6,0,0,101,15,0.000000,-nan(ind),inf,2048.188232,26709.732422
20180707-IMG_1521__1,0.489077,206.460648,0.982987,0.011505,0.374551,106.574219,12817951.000000,4171317760.000000,82,9,0,1,66,6,0.000000,inf,7220.500000,1423.954590,20628.000000
20180707-IMG_1521__2,0.646470,437.623260,0.965535,0.023531,0.349032,47.666084,15574136.000000,6859026944.000000,103,11,0,0,83,9,0.000000,-nan(ind),inf,1875.409668,29175.333984
20180707-IMG_1521__3,0.704031,315.983582,0.977327,0.015326,0.284856,39.560078,13673323.000000,6115030528.000000,75,2,1,3,59,10,4483.500000,18837.500000,1192.333374,2078.127197,29606.400391
20180707-IMG_1522__0,0.443234,571.137329,0.956152,0.029697,0.476160,139.013474,11462177.000000,3743806720.000000,53,2,0,0,39,12,0.000000,-nan(ind),inf,2233.794922,41913.332031
20180707-IMG_1522__1,0.505238,1134.377563,0.899437,0.068195,0.579166,195.590240,11642309.000000,4854398976.000000,109,0,1,2,91,15,inf,254452.000000,0.000000,1387.093384,26554.267578
20180707-IMG_1522__2,0.452445,535.525818,0.960106,0.027066,0.460594,111.139214,14705542.000000,5095387136.000000,61,7,0,2,35,17,0.000000,inf,11355.000000,2867.585693,27302.234375
20180707-IMG_1522__3,0.609397,467.833008,0.963138,0.025291,0.375230,54.713310,16367277.000000,7018407424.000000,103,13,1,0,78,11,38.615383,0.000000,inf,1896.570557,26103.091797
20180707-IMG_1523__0,0.981180,56.661076,0.997181,0.002321,0.031836,1.622823,790886.750000,398106816.000000,15,4,0,1,10,0,0.000000,inf,4169.000000,2123.149902,-nan(ind)
20180707-IMG_1523__1,0.965220,74.400665,0.995834,0.003184,0.052151,3.435398,1691858.375000,851732672.000000,18,4,0,0,13,1,0.000000,-nan(ind),inf,3471.500000,11592.000000
20180707-IMG_1523__2,0.950686,97.070839,0.994053,0.004440,0.070641,4.985919,2414992.500000,1208285824.000000,23,3,0,0,19,1,0.000000,-nan(ind),inf,3969.236816,16923.000000
20180707-IMG_1523__3,0.923267,137.592545,0.990246,0.006988,0.104393,7.847418,3739189.000000,1859722624.000000,41,4,0,1,31,5,0.000000,inf,8714.500000,1787.064575,17630.500000
20180707-IMG_1524__0,0.985092,50.234253,0.997743,0.001874,0.025837,1.233707,601649.687500,303394016.000000,7,1,0,0,6,0,0.000000,-nan(ind),inf,2705.666748,-nan(ind)
20180707-IMG_1524__1,0.976247,63.722034,0.996782,0.002426,0.038392,2.236470,1101070.500000,555213696.000000,14,1,0,1,12,0,0.000000,inf,1027.000000,2148.250000,-nan(ind)
20180707-IMG_1524__2,0.980938,56.728714,0.997308,0.002189,0.031783,1.696156,828567.875000,417231424.000000,9,1,0,0,8,0,0.000000,-nan(ind),inf,3483.562500,-nan(ind)
20180707-IMG_1524__3,0.758728,858.909241,0.948887,0.033407,0.315009,21.960907,9499212.000000,4597830144.000000,203,6,4,1,181,11,963.500000,262.375000,8524.500000,866.057983,27098.000000
20180707-IMG_1525__0,0.455335,632.698853,0.952342,0.032174,0.480726,153.717300,10012065.000000,3297217024.000000,58,5,0,1,42,10,0.000000,inf,9916.000000,1800.297607,31077.199219
20180707-IMG_1525__1,0.457013,540.190186,0.959338,0.027519,0.460645,148.431183,9914902.000000,3162859264.000000,58,4,0,0,47,7,0.000000,-nan(ind),inf,2349.840332,29233.857422
20180707-IMG_1525__2,0.434086,843.384949,0.931012,0.046864,0.546434,157.553787,11760662.000000,4162764288.000000,89,6,0,1,74,8,0.000000,inf,8786.500000,1634.824341,41488.562500
20180707-IMG_1525__3,0.478547,742.664795,0.940543,0.040488,0.500101,82.317909,18443672.000000,7340749312.000000,131,13,0,0,98,20,0.000000,-nan(ind),inf,2498.591797,37576.000000
20180707-IMG_1527__0,0.584099,164.099884,0.986527,0.009057,0.318442,69.081139,14906188.000000,5717630976.000000,56,4,0,1,49,2,0.000000,inf,9383.500000,1343.153076,19155.500000
20180707-IMG_1527__1,0.714452,140.152481,0.988345,0.007873,0.246136,40.414608,13195367.000000,5777967616.000000,46,1,0,0,43,2,0.000000,-nan(ind),inf,989.139526,27553.500000
20180707-IMG_1527__2,0.642704,109.282318,0.991779,0.005521,0.271564,56.618961,14538549.000000,5886114816.000000,25,2,0,1,21,1,0.000000,inf,6772.500000,1389.595215,18998.000000
20180707-IMG_1527__3,0.915869,165.656311,0.986894,0.009167,0.118590,7.917301,3759720.750000,1869508864.000000,42,3,0,1,35,3,0.000000,inf,4687.500000,1171.128540,20882.500000
20180707-IMG_1529__0,0.589801,171.261551,0.986902,0.008797,0.314533,67.935783,15175301.000000,5890008576.000000,41,0,0,1,37,3,-nan(ind),inf,0.000000,1642.608154,17937.500000
20180707-IMG_1529__1,0.738944,271.437164,0.980026,0.013436,0.257563,33.960228,12458815.000000,5677647360.000000,61,0,0,1,57,3,-nan(ind),inf,0.000000,1610.912231,18291.166016
20180707-IMG_1529__2,0.545103,410.551025,0.966709,0.022404,0.398667,72.373482,16734725.000000,6638256640.000000,62,1,1,0,53,7,127705.000000,0.000000,inf,1599.254761,29508.714844
20180707-IMG_1529__3,0.413744,1051.984131,0.916250,0.056056,0.591584,156.873489,13684599.000000,5029548544.000000,108,0,1,1,98,8,inf,7409.500000,0.000000,810.270386,35534.375000
20180707-IMG_1530__0,0.742872,348.544983,0.973816,0.018029,0.271800,31.696648,12154086.000000,5624873984.000000,77,8,0,0,54,15,0.000000,-nan(ind),inf,2511.379639,24615.132813
20180707-IMG_1530__1,0.625901,887.453735,0.919856,0.054887,0.464432,216.470200,8726732.000000,3943434752.000000,139,3,0,1,126,9,0.000000,inf,3224.500000,1401.869019,30157.611328
20180707-IMG_1530__2,0.850561,229.947556,0.984105,0.011141,0.175353,16.965519,7471442.000000,3616814592.000000,63,9,0,0,48,6,0.000000,-nan(ind),inf,2174.718750,27110.916016
20180707-IMG_1530__3,0.811861,230.039169,0.983277,0.011341,0.203686,22.762470,9499820.000000,4515171840.000000,73,9,0,0,57,7,0.000000,-nan(ind),inf,2440.017578,17723.927734
20180707-IMG_1531__0,0.714357,454.553253,0.964618,0.023816,0.313254,34.418598,13170419.000000,6097909248.000000,56,1,0,1,53,1,0.000000,inf,1500.000000,1214.915039,65463.500000
20180707-IMG_1531__1,0.934659,134.816422,0.990463,0.006661,0.093979,6.325868,3059320.000000,1530651008.000000,49,1,0,1,47,0,0.000000,inf,682.000000,1651.936157,-nan(ind)
20180707-IMG_1531__2,0.743314,419.049866,0.968851,0.021269,0.284569,30.502798,12039260.000000,5628795904.000000,54,2,0,0,51,1,0.000000,-nan(ind),inf,1384.666626,69839.000000
20180707-IMG_1531__3,0.945597,137.902557,0.990444,0.006736,0.083765,4.913999,2378681.500000,1192438272.000000,49,2,0,0,47,0,0.000000,-nan(ind),inf,1871.265991,-nan(ind)
20180707-IMG_1532__0,0.523195,411.177460,0.965492,0.023788,0.412707,78.666595,16697867.000000,6466939904.000000,66,2,0,0,53,11,0.000000,-nan(ind),inf,1513.745239,26623.000000
20180707-IMG_1532__1,0.479813,317.749939,0.976836,0.015699,0.398326,107.049507,13415522.000000,4456639488.000000,34,4,0,1,26,3,0.000000,inf,12587.500000,2534.442383,21420.666016
20180707-IMG_1532__2,0.583660,458.178772,0.962913,0.025475,0.389437,60.379314,16620057.000000,6947088384.000000,79,4,0,2,66,7,0.000000,inf,5888.250000,1669.371216,30503.000000
20180707-IMG_1532__3,0.445723,497.176056,0.960321,0.027128,0.463265,132.922180,11574421.000000,3720578560.000000,59,3,0,2,47,7,0.000000,inf,8031.500000,1415.893677,27490.927734
20180707-IMG_1534__0,0.458279,458.485199,0.965038,0.023849,0.444137,142.797012,10079520.000000,3139346432.000000,43,2,0,0,33,8,0.000000,-nan(ind),inf,1652.227295,35472.125000
20180707-IMG_1534__1,0.467789,422.496033,0.967676,0.021910,0.432055,148.070114,9090762.000000,2772306688.000000,58,5,1,0,42,10,519.799988,0.000000,inf,1734.238037,20557.300781
20180707-IMG_1534__2,0.445030,583.613525,0.956333,0.029669,0.474741,113.508484,14706439.000000,5099984896.000000,53,4,0,2,35,12,0.000000,inf,4549.500000,1735.228516,41172.292969
20180707-IMG_1534__3,0.522531,403.286713,0.967285,0.022247,0.407837,79.942085,16432156.000000,6303534080.000000,84,10,0,0,61,13,0.000000,-nan(ind),inf,3104.008301,33221.382813
20180707-IMG_1535__0,0.511724,831.683838,0.930232,0.047258,0.508609,67.236938,19222926.000000,8193349632.000000,175,3,0,0,162,10,0.000000,-nan(ind),inf,1081.219116,29098.900391
20180707-IMG_1535__1,0.557512,456.300262,0.963059,0.025045,0.402203,67.268661,16800748.000000,6822928896.000000,94,13,0,0,73,8,0.000000,-nan(ind),inf,1781.335571,36670.750000
20180707-IMG_1535__2,0.476359,763.994080,0.936891,0.042928,0.511111,81.436577,18956290.000000,7636753920.000000,127,4,0,1,116,6,0.000000,inf,6183.500000,1207.155151,29815.250000
20180707-IMG_1535__3,0.549074,486.041779,0.961836,0.026135,0.409903,69.207314,17109218.000000,6932887552.000000,72,9,0,2,47,14,0.000000,inf,11085.500000,2017.638306,31030.750000
20180707-IMG_1536__0,0.453785,773.562195,0.935370,0.043626,0.526617,164.219437,10535535.000000,3713805312.000000,51,0,0,1,45,5,-nan(ind),inf,0.000000,1296.055542,20016.800781
20180707-IMG_1536__1,0.532012,719.196411,0.942843,0.038601,0.467537,66.775597,18307530.000000,7691335680.000000,113,5,0,0,94,14,0.000000,-nan(ind),inf,2261.436279,25166.177734
20180707-IMG_1536__2,0.515303,424.727295,0.967709,0.021697,0.409853,83.116272,16374332.000000,6212762112.000000,106,9,2,1,83,11,332.111115,627.250000,23466.500000,1915.469849,26919.455078
20180707-IMG_1536__3,0.639414,520.897156,0.959368,0.027608,0.368957,47.063122,15663262.000000,6944432128.000000,98,9,0,0,81,8,0.000000,-nan(ind),inf,2201.827148,14358.687500
20180707-IMG_1538__0,0.457040,416.107025,0.967695,0.021713,0.437154,118.385475,12968669.000000,4266724864.000000,35,1,0,1,25,8,0.000000,inf,3446.500000,2967.939941,16601.312500
20180707-IMG_1538__1,0.617922,378.227570,0.971853,0.018728,0.346728,199.412003,4000679.500000,1450863360.000000,51,0,0,2,41,8,-nan(ind),inf,0.000000,2121.597656,19441.187500
20180707-IMG_1538__2,0.469551,347.324921,0.973886,0.017343,0.412281,113.199120,12992702.000000,4265145344.000000,57,1,1,0,46,9,546.500000,0.000000,inf,2102.836914,24943.054688
20180707-IMG_1538__3,0.451178,484.479736,0.961624,0.025809,0.457354,115.152008,14034361.000000,4790817792.000000,56,2,2,0,36,16,1317.250000,0.000000,inf,2978.930664,19308.875000
20180707-IMG_1539__0,0.394908,923.460022,0.922044,0.052893,0.587587,130.778809,16294063.000000,5942419456.000000,114,15,0,0,86,13,0.000000,-nan(ind),inf,1959.232544,26412.769531
20180707-IMG_1539__1,0.410314,850.647522,0.932973,0.045233,0.552765,134.399689,14450060.000000,5086043648.000000,100,4,1,0,77,18,32673.500000,0.000000,inf,2048.110352,31640.777344
20180707-IMG_1539__2,0.407107,870.064209,0.931576,0.046557,0.557484,130.405823,15097776.000000,5370853376.000000,105,12,0,0,85,8,0.000000,-nan(ind),inf,1575.547119,32803.062500
20180707-IMG_1539__3,0.405273,939.883850,0.924766,0.051042,0.575086,111.577713,17907388.000000,6704216064.000000,107,8,0,1,89,9,0.000000,inf,18041.000000,2049.297852,36183.000000
20180707-IMG_1541__0,0.598270,550.547058,0.957254,0.029407,0.396341,55.322929,16896374.000000,7299876864.000000,152,22,0,0,112,18,0.000000,-nan(ind),inf,2443.120605,26521.250000
20180707-IMG_1541__1,0.480029,609.998535,0.953851,0.031479,0.464695,89.480103,17205002.000000,6550852096.000000,98,10,0,0,78,10,0.000000,-nan(ind),inf,2057.621826,26809.849609
20180707-IMG_1541__2,0.493293,688.686035,0.943884,0.038374,0.484561,79.084892,18487862.000000,7440775680.000000,135,18,0,0,95,22,0.000000,-nan(ind),inf,2545.958008,28496.455078
20180707-IMG_1541__3,0.513846,630.969666,0.951521,0.033038,0.454589,75.712334,17879424.000000,7188827648.000000,105,9,0,0,80,16,0.000000,-nan(ind),inf,1825.681274,22757.281250
20180707-IMG_1542__0,0.512926,384.225464,0.972365,0.018375,0.396906,86.428886,15736082.000000,5815594496.000000,81,11,3,2,53,12,903.727295,3936.833252,7182.000000,1305.726440,20771.125000
20180707-IMG_1542__1,0.481875,501.682739,0.962578,0.025273,0.439999,93.879791,15964825.000000,5840770560.000000,62,8,0,1,43,10,0.000000,inf,8806.000000,1901.325562,32683.900391
20180707-IMG_1542__2,0.472341,469.038452,0.965247,0.023318,0.436865,153.898712,8895545.000000,2787208192.000000,67,2,0,0,53,12,0.000000,-nan(ind),inf,1230.547119,30392.833984
20180707-IMG_1542__3,0.476016,350.980164,0.974997,0.016704,0.405706,108.297684,13476052.000000,4489687552.000000,35,0,0,0,31,4,-nan(ind),-nan(ind),-nan(ind),1221.354858,41673.250000
20180707-IMG_1544__0,0.542712,446.289581,0.962373,0.025129,0.411989,183.207458,5950317.500000,2036779520.000000,39,1,0,1,33,4,0.000000,inf,5609.500000,1862.590942,36600.000000
20180707-IMG_1544__1,0.648499,545.346924,0.958277,0.027765,0.366542,209.641342,4604852.500000,1901950080.000000,64,1,0,2,57,4,0.000000,inf,538.500000,1427.631592,53436.000000
20180707-IMG_1544__2,0.524450,507.212769,0.958287,0.028500,0.432141,75.506203,17661482.000000,7067642368.000000,125,11,1,1,94,18,120.272728,6409.000000,25463.500000,1890.601074,32268.416016
20180707-IMG_1544__3,0.415975,706.469299,0.938958,0.041549,0.536317,128.095093,14678045.000000,5161461248.000000,75,6,0,2,51,16,0.000000,inf,9161.000000,2382.843018,26304.000000
20180707-IMG_1545__0,0.536292,320.556763,0.977424,0.015272,0.370280,80.182945,15499733.000000,5795170304.000000,61,2,0,2,53,4,0.000000,inf,2098.500000,1938.698120,21889.875000
20180707-IMG_1545__1,0.727659,326.310608,0.975334,0.017123,0.276949,34.761604,12843570.000000,5871403520.000000,79,12,0,1,53,13,0.000000,inf,35832.500000,2461.971680,27244.269531
20180707-IMG_1545__2,0.470736,496.077271,0.962140,0.025533,0.446627,99.481712,15635423.000000,5612249088.000000,89,5,0,0,77,7,0.000000,-nan(ind),inf,2077.266113,42718.070313
20180707-IMG_1545__3,0.684444,417.733307,0.968962,0.021302,0.318434,40.934334,14308549.000000,6431902208.000000,107,12,0,1,76,18,0.000000,inf,37649.000000,2159.151367,22284.277344
20180707-IMG_1546__0,0.569645,523.035034,0.963592,0.024558,0.393988,64.390518,16718722.000000,6864327168.000000,122,3,0,0,110,9,0.000000,-nan(ind),inf,1211.150024,23427.054688
20180707-IMG_1546__1,0.601850,475.726868,0.961183,0.026574,0.384646,55.654549,16469711.000000,7041792000.000000,145,18,2,1,113,11,212.888885,121339.750000,54296.500000,1880.734497,18490.681641
20180707-IMG_1546__2,0.450371,503.682953,0.964436,0.024066,0.448962,126.161812,12505102.000000,4093601280.000000,131,1,0,0,124,6,0.000000,-nan(ind),inf,1278.012085,32264.000000
20180707-IMG_1546__3,0.452698,459.309875,0.964546,0.023910,0.448116,118.767319,13253267.000000,4412649472.000000,77,16,0,0,52,9,0.000000,-nan(ind),inf,2049.740479,27858.500000
20180707-IMG_1547__0,0.785740,388.868164,0.968814,0.021662,0.256889,23.301008,9930723.000000,4761792512.000000,217,43,0,0,170,4,0.000000,-nan(ind),inf,1754.923584,13459.625000
20180707-IMG_1547__1,0.465119,967.284546,0.925897,0.050451,0.542316,80.823524,20062906.000000,8255245824.000000,162,15,0,0,116,31,0.000000,-nan(ind),inf,2669.732666,24831.902344
20180707-IMG_1547__2,0.787276,433.233521,0.964953,0.024021,0.264495,22.039551,9589313.000000,4632202752.000000,222,31,0,0,190,1,0.000000,-nan(ind),inf,1399.089478,10531.000000
20180707-IMG_1547__3,0.820445,392.423370,0.968274,0.022143,0.233737,17.615633,7949311.000000,3887938304.000000,232,40,0,0,190,2,0.000000,-nan(ind),inf,1525.092163,13511.250000
20180707-IMG_1548__0,0.454171,552.630798,0.962537,0.025453,0.452018,112.796677,13949994.000000,4732244480.000000,103,3,1,2,88,9,163.000000,12207.500000,1111.500000,2159.409180,26932.111328
20180707-IMG_1548__1,0.567209,711.854980,0.950915,0.033292,0.427613,60.504917,17396164.000000,7389257728.000000,155,8,0,0,138,9,0.000000,-nan(ind),inf,2284.126709,23681.111328
20180707-IMG_1548__2,0.634221,514.234802,0.964179,0.024607,0.358534,49.480499,15685418.000000,6841791488.000000,135,6,0,2,116,11,0.000000,inf,4718.000000,2190.676758,21101.636719
20180707-IMG_1548__3,0.786495,411.398804,0.970768,0.020114,0.251445,23.569063,9982758.000000,4776683520.000000,153,15,0,0,130,8,0.000000,-nan(ind),inf,2104.561523,20761.250000
20180707-IMG_1549__0,0.968958,86.353287,0.994851,0.003851,0.050579,2.716978,1318306.875000,662039104.000000,42,7,0,1,34,0,0.000000,inf,9284.000000,1082.338257,-nan(ind)
20180707-IMG_1549__1,0.959725,96.057289,0.994065,0.004361,0.061869,3.798950,1861705.875000,936528576.000000,41,8,0,1,32,0,0.000000,inf,12338.500000,1581.093750,-nan(ind)
20180707-IMG_1549__2,0.959264,103.143715,0.993673,0.004655,0.063170,3.749849,1831479.750000,920802112.000000,41,4,0,1,36,0,0.000000,inf,3658.500000,1928.527832,-nan(ind)
20180707-IMG_1549__3,0.924539,144.857742,0.990495,0.006808,0.102435,7.799815,3711135.500000,1845249664.000000,56,7,0,0,47,2,0.000000,-nan(ind),inf,2282.265869,12375.500000
20180707-IMG_1550__0,0.939071,134.875412,0.990766,0.006624,0.089129,5.820513,2808738.750000,1404829952.000000,56,9,0,1,45,1,0.000000,inf,23834.000000,1762.644409,10666.500000
20180707-IMG_1550__1,0.848084,359.288757,0.974558,0.017407,0.199354,15.034634,6808569.000000,3334588160.000000,148,13,0,0,132,3,0.000000,-nan(ind),inf,1876.030273,15634.000000
20180707-IMG_1550__2,0.968315,84.575317,0.994698,0.003967,0.051624,2.772282,1347893.000000,677155072.000000,36,4,0,0,31,1,0.000000,-nan(ind),inf,1546.096802,13195.500000
20180707-IMG_1550__3,0.966034,94.703148,0.994084,0.004398,0.055335,2.913705,1412455.500000,709239360.000000,41,4,0,1,36,0,0.000000,inf,4218.500000,1553.611084,-nan(ind)
20180707-IMG_1552__0,0.455736,537.388977,0.956337,0.029956,0.470066,103.829361,15636309.000000,5600893440.000000,91,10,0,0,70,11,0.000000,-nan(ind),inf,2050.385742,25744.091797
20180707-IMG_1552__1,0.422052,760.263672,0.940836,0.039815,0.526965,137.378204,13393847.000000,4614419968.000000,75,2,0,1,67,5,0.000000,inf,1665.000000,1866.306030,30990.199219
20180707-IMG_1552__2,0.450729,473.168243,0.963265,0.024927,0.452901,118.707573,13245570.000000,4409507840.000000,57,3,0,0,45,9,0.000000,-nan(ind),inf,1284.522217,22807.277344
20180707-IMG_1552__3,0.496364,484.687958,0.962832,0.025445,0.432510,167.179153,7448150.500000,2378033152.000000,61,2,0,2,47,10,0.000000,inf,673.500000,1750.606323,29075.900391
20180707-IMG_1553__0,0.471697,364.880646,0.974294,0.017246,0.409539,143.360580,9088797.000000,2683735808.000000,31,2,0,1,19,9,0.000000,inf,3655.000000,1650.026367,18241.111328
20180707-IMG_1553__1,0.494583,346.524658,0.973885,0.017737,0.400901,159.628281,7278654.000000,2144904064.000000,39,2,0,2,26,9,0.000000,inf,1100.500000,2150.903809,35081.445313
20180707-IMG_1553__2,0.459933,457.833679,0.966939,0.022291,0.437420,141.634033,10073355.000000,3114494976.000000,39,2,0,2,25,10,0.000000,inf,5810.500000,2013.339966,24441.400391
20180707-IMG_1553__3,0.476475,366.328827,0.972343,0.018666,0.413884,149.853439,8528457.000000,2531545856.000000,43,3,0,1,29,10,0.000000,inf,7881.500000,1772.775879,18861.000000
20180707-IMG_1554__0,0.450052,753.419922,0.937706,0.042267,0.522119,161.175064,10736047.000000,3738931968.000000,62,0,0,1,58,3,-nan(ind),inf,0.000000,1325.698242,41048.832031
20180707-IMG_1554__1,0.659899,315.054260,0.973487,0.017989,0.319907,207.675842,3255722.000000,1252593152.000000,40,0,0,0,35,5,-nan(ind),-nan(ind),-nan(ind),2685.542969,27150.800781
20180707-IMG_1554__2,0.446958,557.131287,0.956255,0.030009,0.474452,110.997757,14916931.000000,5217967616.000000,100,8,0,0,77,15,0.000000,-nan(ind),inf,2274.824707,28300.867188
20180707-IMG_1554__3,0.643532,341.289917,0.971464,0.019550,0.334704,204.905121,3588988.250000,1365426816.000000,55,5,0,1,40,9,0.000000,inf,20288.000000,2149.137451,27376.000000
20180707-IMG_1554__0,0.450052,753.419922,0.937706,0.042267,0.522119,161.175064,10736047.000000,3738931968.000000,62,0,0,1,58,3,-nan(ind),inf,0.000000,1325.698242,41048.832031
20180707-IMG_1554__1,0.659899,315.054260,0.973487,0.017989,0.319907,207.675842,3255722.000000,1252593152.000000,40,0,0,0,35,5,-nan(ind),-nan(ind),-nan(ind),2685.542969,27150.800781
20180707-IMG_1554__2,0.446958,557.131287,0.956255,0.030009,0.474452,110.997757,14916931.000000,5217967616.000000,100,8,0,0,77,15,0.000000,-nan(ind),inf,2274.824707,28300.867188
20180707-IMG_1554__3,0.643532,341.289917,0.971464,0.019550,0.334704,204.905121,3588988.250000,1365426816.000000,55,5,0,1,40,9,0.000000,inf,20288.000000,2149.137451,27376.000000
20180707-IMG_1556__0,0.841146,331.915985,0.975088,0.017239,0.203597,16.210739,7297879.000000,3564640256.000000,175,28,0,2,144,1,0.000000,inf,21771.250000,1762.468750,11242.500000
20180707-IMG_1556__1,0.849864,318.115417,0.976246,0.016498,0.194483,15.248483,6930818.000000,3396302080.000000,184,31,0,1,151,1,0.000000,inf,50225.500000,1629.380737,13923.500000
20180707-IMG_1556__2,0.645914,575.064392,0.956358,0.029983,0.372176,44.957130,15578195.000000,6997292544.000000,139,10,0,0,106,23,0.000000,-nan(ind),inf,2446.853760,20359.042969
20180707-IMG_1556__3,0.735461,444.839050,0.966646,0.022951,0.294186,31.140553,12293656.000000,5748975616.000000,159,25,1,0,123,10,10.540000,0.000000,inf,2290.122070,30196.599609
20180707-IMG_1557__0,0.553451,532.546143,0.958833,0.028252,0.415381,66.659859,17219150.000000,7070391296.000000,77,3,0,0,64,10,0.000000,-nan(ind),inf,1426.218750,23072.550781
20180707-IMG_1557__1,0.492791,624.904663,0.948828,0.034919,0.472447,80.939476,17766326.000000,7000840704.000000,127,9,0,0,108,10,0.000000,-nan(ind),inf,1569.689819,27322.199219
20180707-IMG_1557__2,0.386604,1006.821411,0.914796,0.057614,0.609315,132.619949,16174994.000000,5909533696.000000,73,2,0,0,68,3,0.000000,-nan(ind),inf,848.551453,28267.000000
20180707-IMG_1557__3,0.546421,544.243713,0.956342,0.029498,0.425783,67.809898,17408578.000000,7145549824.000000,126,6,0,0,112,8,0.000000,-nan(ind),inf,1782.120483,33972.125000
20180707-IMG_1558__0,0.674889,416.222717,0.968697,0.021640,0.324692,42.621052,14541669.000000,6487191552.000000,120,21,0,2,86,11,0.000000,inf,34437.500000,2824.779053,16901.181641
20180707-IMG_1558__1,0.845373,239.484070,0.981835,0.012773,0.184779,17.191324,7590550.500000,3678292992.000000,95,11,0,0,79,5,0.000000,-nan(ind),inf,2749.841797,14293.900391
20180707-IMG_1558__2,0.807250,298.085693,0.977564,0.015625,0.221602,21.925245,9280503.000000,4435571200.000000,114,22,0,1,88,3,0.000000,inf,59185.500000,2610.681885,15210.333008
20180707-IMG_1558__3,0.385913,991.261475,0.915388,0.057645,0.607960,126.000084,17717942.000000,6618621440.000000,137,6,0,2,122,7,0.000000,inf,6014.750000,1299.291016,35650.144531
20180707-IMG_1559__0,0.667009,366.708313,0.970748,0.020231,0.323866,44.901611,14936748.000000,6608844800.000000,67,17,0,0,39,11,0.000000,-nan(ind),inf,2878.358887,31498.591797
20180707-IMG_1559__1,0.565715,404.847382,0.968697,0.021655,0.382357,67.431854,16707880.000000,6759077888.000000,73,14,0,0,43,16,0.000000,-nan(ind),inf,2201.325684,24567.156250
20180707-IMG_1559__2,0.672528,400.187592,0.966630,0.022991,0.332014,42.665245,14821120.000000,6651715072.000000,109,13,0,0,76,20,0.000000,-nan(ind),inf,2231.697266,25810.175781
20180707-IMG_1559__3,0.551565,477.687988,0.961746,0.026294,0.408797,68.741844,17305474.000000,7054839808.000000,82,11,0,0,53,18,0.000000,-nan(ind),inf,2160.943359,30304.750000
20180707-IMG_1560__0,0.467235,432.885651,0.967139,0.022466,0.434055,106.273460,14403745.000000,4964098560.000000,63,7,0,0,45,11,0.000000,-nan(ind),inf,1872.300049,25071.636719
20180707-IMG_1560__1,0.490420,675.516968,0.949181,0.034546,0.471994,82.718864,18024598.000000,7100509696.000000,99,10,0,0,76,13,0.000000,-nan(ind),inf,2787.355225,25619.115234
20180707-IMG_1560__2,0.462292,550.318054,0.955481,0.030479,0.469248,99.114433,16267372.000000,5954248192.000000,102,13,0,0,81,8,0.000000,-nan(ind),inf,2686.598877,35398.250000
20180707-IMG_1560__3,0.539486,306.514862,0.975449,0.016612,0.375332,78.147270,15948909.000000,6071217664.000000,92,16,0,0,65,11,0.000000,-nan(ind),inf,1920.653809,27039.544922
20180707-IMG_1561__0,0.611366,684.289734,0.951907,0.032419,0.401866,50.721542,16533889.000000,7290724352.000000,139,13,0,1,108,17,0.000000,inf,30822.500000,1518.981445,22905.705078
20180707-IMG_1561__1,0.589851,590.924011,0.955586,0.030311,0.404704,56.325562,16711874.000000,7155721728.000000,142,18,1,0,103,20,19544.361328,0.000000,inf,1905.966064,25186.099609
20180707-IMG_1561__2,0.917676,165.378098,0.988437,0.008157,0.113330,8.345913,3971414.500000,1975346944.000000,70,11,0,1,58,0,0.000000,inf,23379.500000,2442.905273,-nan(ind)
20180707-IMG_1561__3,0.442919,694.558411,0.944670,0.037379,0.507512,152.132553,10973515.000000,3707832064.000000,108,6,0,1,96,5,0.000000,inf,5708.000000,1128.052124,17301.800781
20180707-IMG_1562__0,0.415907,970.200378,0.908430,0.063240,0.609039,90.907158,21331732.000000,8723606528.000000,150,4,1,2,131,12,29471.000000,271933.500000,4802.500000,1081.736694,32187.791016
20180707-IMG_1562__1,0.514665,549.354797,0.950651,0.034041,0.457565,74.387878,17783026.000000,7171326464.000000,153,7,0,1,135,10,0.000000,inf,19310.000000,1664.837036,26025.099609
20180707-IMG_1562__2,0.410087,802.125122,0.926945,0.049687,0.568968,109.531281,18245846.000000,6895560192.000000,155,5,0,2,132,16,0.000000,inf,4694.500000,1476.670410,20672.656250
20180707-IMG_1562__3,0.431515,876.881653,0.921240,0.053936,0.571607,90.728653,19740450.000000,7872079872.000000,159,15,0,1,132,11,0.000000,inf,18240.500000,1133.844727,26788.681641
20180707-IMG_1563__0,0.441535,690.977539,0.945964,0.036670,0.504459,150.492126,11319820.000000,3836746496.000000,120,8,0,0,102,10,0.000000,-nan(ind),inf,1778.382324,28404.550781
20180707-IMG_1563__1,0.431145,791.718750,0.935673,0.043641,0.535891,153.126892,12482586.000000,4412493824.000000,132,7,1,1,114,9,29485.072266,186528.500000,15944.000000,1090.552612,36717.054688
20180707-IMG_1563__2,0.481929,597.269165,0.955139,0.030407,0.460403,89.153061,16980554.000000,6432868864.000000,122,16,0,0,95,11,0.000000,-nan(ind),inf,1928.421021,27155.181641
20180707-IMG_1563__3,0.461830,536.430481,0.958013,0.028674,0.462571,101.343353,15897074.000000,5731606016.000000,114,8,0,1,91,14,0.000000,inf,10102.500000,1365.780273,32424.214844
20180707-IMG_1564__0,0.820829,260.650787,0.980622,0.013498,0.204816,20.736767,8873300.000000,4254797312.000000,90,18,0,1,66,5,0.000000,inf,21411.000000,2835.242432,17625.500000
20180707-IMG_1564__1,0.808906,284.896149,0.979480,0.014264,0.215540,22.313236,9439549.000000,4509675520.000000,78,9,1,1,56,11,1023.944458,3048.000000,18149.500000,2290.982178,26891.500000
20180707-IMG_1564__2,0.696193,384.616058,0.969327,0.021211,0.311405,38.886925,13974071.000000,6337720832.000000,102,15,0,1,63,23,0.000000,inf,32192.000000,2598.412598,19525.087891
20180707-IMG_1564__3,0.837149,233.894867,0.983178,0.011709,0.187112,18.722952,8162462.500000,3937366784.000000,77,10,0,1,58,8,0.000000,inf,21249.000000,1807.137939,29048.375000
20180707-IMG_1565__0,0.905288,196.849564,0.985699,0.009957,0.129995,9.407070,4430734.500000,2196909056.000000,87,9,0,1,76,1,0.000000,inf,11892.000000,1761.750000,12599.000000
20180707-IMG_1565__1,0.854801,303.839355,0.977574,0.015556,0.187879,14.794993,6719811.000000,3291820032.000000,143,15,0,1,124,3,0.000000,inf,28581.000000,1914.633057,13008.833008
20180707-IMG_1565__2,0.925233,189.999435,0.985878,0.009953,0.112200,6.595207,3163722.750000,1581451136.000000,136,17,0,0,118,1,0.000000,-nan(ind),inf,1011.533875,13389.500000
20180707-IMG_1565__3,0.928524,158.549850,0.988879,0.007952,0.103016,6.862606,3283559.250000,1637570560.000000,80,10,0,1,67,2,0.000000,inf,12566.500000,1598.932861,13624.500000
